{"id":"0001","customerNo":"0001","salutation":null,"name":"ISSL IslandMFB Test","firstName":null,"lastName":null,"otherName":null,"shortName":"E.K. OMOTESHO","gender":"M","dob":null,"nationality":"","maritalStatus":null,"bvn":"","address1Line1":"11B, HANAT BALOGUN STR.","address1Line2":"DOLPHIN EXTENSION,","address1Line3":"IKOYI,","nearestBusStop":"LAGOS","typeOfBuilding_r":null,"typeOfApartment":null,"buildingColor":" ","address":"11B, HANAT BALOGUN STR.","postCode":" ","city":"LAGOS","lgaOfResidence":"DSTV-1055406172 ","state":"LA","country":"NGA","townOfOrigin":null,"lgaOfOrigin":null,"stateOfOrigin":null,"resident":false,"url":null,"address2Line1":" ","address2Line2":" ","address2Line3":" ","address2":" ","address2nearestBusStop":null,"typeOfBuilding_b":"","language":"","religion":null,"residentType":"DSTV-1055406172 ","dateStartStayinAddress":null,"lengthofStayinAddress":null,"nokTitle":null,"nokFirstName":null,"nokLastName":null,"nokOtherName":null,"nokRelationship":null,"nokPhoneNo":null,"nokEmailAddress":null,"nokAddress":null,"nokZipCode":null,"nokCity":null,"nokState":null,"employmentStatus":null,"natureofEmployment":null,"employerName":null,"occupationCode":null,"occupationDesc":null,"employerAddress":null,"employerZipCode":null,"employerCity":null,"employerState":null,"officeEmail":" ","officePhoneNo":" ","employmentStartDate":null,"grossAnnualIncome":0.0,"customerType":"L","staffId":null,"memberShipNo":"1321313123","guardian":null,"guardianNo":null,"guardianRelationship":null,"defaultAccountNo":"","phoneRef":"617130","email":" PHCN-0101150580633","education":null,"profession":null,"industry":"","industrySeg":"","region":null,"mothersMaidenName":null,"relationShipDept":"","relationshipMan":"","altRelationshipMan":"","status":null,"notes":"{\\rtf1\\ansi\\ansicpg1252\\deff0{\\fonttbl{\\f0\\fnil\\fcharset0 MS Sans Serif;}}\r\n\\viewkind4\\uc1\\pard\\lang1033\\f0\\fs17  \r\n\\par }\r\n","natureOfBuss":" ","typeOfBuss":null,"paidUpShareCap":0.0000,"shareHoldstruc":null,"staffStrength":0,"bankers":" ","bankCode":" ","bankName":null,"bankAccountNo":" ","bankAccountName":null,"marketShare":0.0,"fiscalPeriod":" ","noOfBranch":0,"industryRank":0,"agentType":"Customer","isGroupLeader":null,"isGroupMember":null,"groupLeaderNo":null,"infoShareConsentLevel":null,"accessLevel":null,"blockStatus":null,"blockReason":null,"accountPurpose":null,"verificationStatus":null,"verificationRemarks":null,"verificationDate":null,"kycdocs":[{"documentType":"ID Card","documentReference":null,"documentComments":null,"documentIssueDate":null,"documentExpiryDate":null,"documentConfirmedBy":null,"documentConfirmedDate":null,"documentImage":null,"documentValid":false,"documentConfirmed":false},{"documentType":"UTILITYBILL","documentReference":null,"documentComments":null,"documentIssueDate":null,"documentExpiryDate":null,"documentConfirmedBy":null,"documentConfirmedDate":null,"documentImage":null,"documentValid":false,"documentConfirmed":false}],"signatorys":[],"directors":[],"branch":"01","member":false,"minor":false,"rcno":" ","tin":null,"incomeTaxNo":null,"staff":false,"agent":false,"restricted":false,"blocked4Transactions":false,"pep":false,"verified":false,"vatregNo":null,"pepremarks":null}